time_stamp,encoder_value
1,2.418626425
2,3.743058073
3,5.65310525
4,8.525064931
5,9.405683581
6,11.22370973
7,14.40188169
8,14.15934091
9,16.88235218
10,19.44601173
11,21.19734111
12,22.95370177
13,25.42837492
14,27.10785062
15,26.97679843
16,29.12816439
17,31.84749698
18,32.21476714
19,33.13623769
20,36.1609999
21,38.56599101
22,39.77864765
23,41.67364571
24,41.40508123
25,42.33289495
26,45.58661348
27,47.41779452
28,48.43401983
29,50.81751105
30,50.1822894
31,53.25589427
32,54.38673759
33,55.04639711
34,57.10299824
35,58.41709102
36,60.15236101
37,61.31250802
38,62.41154754
39,63.85609068
40,64.40431808
41,68.22332706
42,68.65013944
43,68.61224376
44,70.25325954
45,72.93275538
46,74.52655475
47,75.69423041
48,76.64291876
49,76.32320745
50,77.91912615
51,78.55904029
52,79.56126801
53,79.96979205
54,81.15713574
55,84.61624699
56,84.68131753
57,84.12763446
58,86.99713771
59,87.39462971
60,87.18165106
61,87.7363288
62,91.27332393
63,91.0580018
64,92.22627861
65,91.53218775
66,92.85141908
67,93.85065923
68,92.90663429
69,95.79938561
70,96.26070704
71,94.79016686
72,97.36553452
73,98.07527214
74,97.21765948
75,97.50625531
76,98.33365839
77,100.2530635
78,98.18725344
79,100.5494063
80,101.4136016
81,98.99679649
82,99.15443263
83,100.7612586
84,100.1447983
85,102.1988616
86,101.8982841
87,102.4112711
88,100.1745971
89,102.3696108
90,100.2753693
91,100.7601356
92,102.7465219
93,101.3514658
94,101.3262663
95,102.5102356
96,100.196236
97,101.596631
98,99.42074555
99,100.2470015
100,100.2189753
101,99.43794716
102,100.152121
103,97.46231928
104,98.33920416
105,97.31659908
106,96.28018413
107,98.0822033
108,95.27399417
109,96.80832303
110,96.7047459
111,95.59574777
112,92.73611311
113,92.51143699
114,94.22817986
115,92.90092795
116,91.67105878
117,90.42544784
118,89.73547517
119,87.84512606
120,88.96426106
121,87.3581694
122,87.38417684
123,86.14431092
124,84.29041953
125,82.15221435
126,81.45420797
127,81.91460665
128,81.00643528
129,80.11840299
130,77.65893482
131,77.4435391
132,74.81263879
133,74.00406179
134,72.96395297
135,73.06555333
136,71.32400683
137,69.10836459
138,69.2989417
139,67.08745277
140,66.70380481
141,63.7847982
142,62.98054896
143,62.63421086
144,60.1165818
145,57.54251437
146,58.19063673
147,57.05416537
148,53.95568914
149,52.27376068
150,52.47433601
151,50.13490724
152,48.5924848
153,45.79376069
154,45.93622466
155,42.83723163
156,42.78012823
157,40.88234544
158,37.6205609
159,36.55432364
160,35.82436272
161,35.36331649
162,31.46287171
163,31.04690567
164,29.2069238
165,26.44795203
166,25.19531248
167,23.19237834
168,22.51420627
169,21.60324526
170,17.6770816
171,16.51704034
172,15.28456186
173,12.58339584
174,12.30379112
175,9.155280527
176,8.742094716
177,6.984754109
178,5.426061063
179,3.398185491
180,0.3330615875
181,0.7498473385
182,-0.9222765887
183,-2.643684652
184,-5.477022525
185,-7.544703052
186,-10.22211228
187,-9.532548506
188,-13.55173104
189,-15.02863397
190,-16.27126168
191,-16.37007286
192,-19.25419047
193,-19.82244439
194,-22.61770022
195,-23.36429481
196,-24.79308586
197,-28.14090276
198,-28.90547474
199,-29.68532815
200,-34.18063867
201,-35.30662918
202,-36.57607196
203,-37.61732857
204,-39.72824545
205,-41.63679558
206,-42.43540423
207,-43.58939039
208,-44.9009747
209,-46.69430634
210,-48.57020784
211,-49.39949024
212,-51.65387537
213,-52.57939232
214,-53.97753061
215,-55.83329105
216,-56.08106105
217,-59.77837191
218,-59.05711904
219,-60.92356221
220,-63.3227881
221,-64.58340273
222,-65.80889758
223,-66.29616987
224,-68.19625747
225,-69.25036804
226,-71.1763665
227,-72.40503431
228,-73.94262527
229,-73.8716125
230,-74.48162582
231,-76.9711486
232,-75.81571588
233,-79.40606174
234,-80.30886797
235,-81.60969652
236,-79.97718922
237,-81.43133103
238,-83.51056212
239,-83.4545046
240,-85.30842224
241,-86.96074845
242,-88.23418883
243,-86.57050667
244,-87.30112064
245,-90.10278889
246,-88.99726343
247,-90.08259665
248,-92.1466875
249,-92.43123375
250,-93.87452213
251,-93.24318896
252,-92.5086307
253,-92.68144479
254,-94.80352616
255,-96.11100271
256,-95.23280034
257,-94.79145721
258,-95.86357224
259,-96.12002956
260,-98.42700524
261,-98.36617036
262,-96.13768129
263,-98.58034274
264,-98.92456484
265,-98.35873351
266,-99.42856924
267,-98.07134753
268,-99.13561062
269,-97.13529434
270,-98.66688764
271,-99.76327099
272,-97.68546023
273,-97.11759876
274,-98.32365338
275,-96.93413289
276,-98.04114384
277,-97.88250106
278,-98.51867098
279,-97.33713542
280,-97.53517109
281,-96.93826273
282,-97.80288293
283,-94.6173553
284,-95.80988432
285,-96.39459061
286,-94.78496683
287,-94.67681578
288,-92.72625231
289,-94.3966828
290,-93.87113109
291,-90.74346305
292,-92.20771605
293,-89.50312384
294,-88.39194249
295,-89.91226628
296,-89.32270563
297,-86.15328863
298,-85.30115483
299,-85.09560481
300,-85.1487067
301,-82.99198742
302,-83.4488862
303,-82.6453036
304,-80.60626048
305,-80.09740132
306,-80.15513033
307,-79.39012156
308,-76.5030418
309,-76.09293183
310,-76.43946594
311,-73.47019323
312,-73.48616494
313,-72.71440533
314,-69.79896423
315,-68.14387044
316,-69.4651272
317,-67.65114517
318,-65.86867466
319,-63.69260421
320,-63.33830641
321,-61.38274431
322,-59.647705
323,-58.65595481
324,-56.53268653
325,-56.29294156
326,-54.22879128
327,-52.89151137
328,-51.94949519
329,-48.5578248
330,-47.13038916
331,-48.37344794
332,-44.39769173
333,-45.17765473
334,-43.3976989
335,-40.21864006
336,-40.49275516
337,-39.04992447
338,-34.61266994
339,-34.16070882
340,-32.29997759
341,-31.16583753
342,-29.8329137
343,-28.58005593
344,-24.70947672
345,-24.85321107
346,-23.2655864
347,-22.24189968
348,-18.6443997
349,-17.48587854
350,-17.17468583
351,-15.09451406
352,-12.72429698
353,-11.23298712
354,-8.118839459
355,-6.836322265
356,-4.932404521
357,-4.231156353
358,-3.121543852
359,-1.473188196
360,1.831421313
361,3.971715927
362,6.213051814
363,7.243803317
364,7.691113084
365,8.730144322
366,13.30834211
367,14.78459244
368,14.46163391
369,18.62306594
370,19.39333417
371,19.5134859
372,22.72478492
373,23.60042264
374,24.76659601
375,27.23496721
376,28.03729995
377,29.67974872
378,33.82596204
379,33.48340549
380,35.63069411
381,36.17112496
382,39.20148761
383,40.97789518
384,43.19182483
385,43.00554256
386,44.48051322
387,46.05701529
388,47.13636424
389,50.68214722
390,51.25881628
391,54.14560012
392,55.20437618
393,54.63401554
394,57.59069451
395,59.38667054
396,59.21793182
397,62.44004412
398,62.34344349
399,63.4964757
400,65.44519133
401,68.28221324
402,68.48805687
403,70.66915396
404,71.21361967
405,73.36291408
406,73.97809608
407,73.96982373
408,77.20699863
409,76.65621087
410,79.58254284
411,80.11097058
412,79.26663772
413,80.36983738
414,81.84606541
415,83.8068018
416,85.49668019
417,84.84140724
418,87.25149628
419,86.04379409
420,89.04664176
421,88.28274805
422,89.65443697
423,89.59296496
424,92.11131198
425,92.82044779
426,93.14877185
427,93.9204526
428,95.4488909
429,94.65863233
430,96.70449161
431,96.32779501
432,97.07272543
433,95.91167324
434,97.19559175
435,97.67185225
436,97.72025229
437,99.71995347
438,100.8059322
439,100.3766215
440,99.2447464
441,99.67099935
442,99.26480786
443,100.6552492
444,102.2112162
445,102.3012166
446,101.9215991
447,100.9103496
448,100.7072792
449,101.550148
450,101.3202396
451,100.1742915
452,101.7030936
453,100.479599
454,101.6793515
455,100.1884246
456,101.2114144
457,100.3541606
458,99.52277178
459,101.3012657
460,99.00958349
461,98.3075831
462,100.6378051
463,98.79047409
464,99.78975647
465,99.29114
466,98.5649085
467,97.4819987
468,96.3019116
469,96.81554663
470,95.94263096
471,95.65208389
472,94.3461769
473,93.15718004
474,94.24549587
475,91.1538764
476,92.35675503
477,90.20227601
478,88.76013382
479,88.5101798
480,88.79921753
481,87.94945787
482,85.04633935
483,84.35745865
484,85.67618205
485,82.88138387
486,81.62484264
487,80.11349811
488,79.1033783
489,78.95047612
490,78.2224547
491,78.07218064
492,76.17885135
493,74.80162716
494,73.58786118
495,72.30364492
496,71.22254208
497,70.07645837
498,68.6677082
499,65.75664808
500,64.91172794
501,65.2091335
502,61.80273921
503,60.82225619
504,58.87979887
505,59.03291266
506,56.5676117
507,55.32404326
508,54.98158508
509,53.76955874
510,52.93563651
511,50.44978307
512,48.65794661
513,45.57039106
514,44.60105271
515,43.53317384
516,42.6555756
517,39.71820839
518,37.5365662
519,38.8314392
520,34.77495573
521,33.88348413
522,31.20274893
523,29.52570503
524,30.33016429
525,26.45616715
526,25.25851111
527,23.0958556
528,21.60869521
529,21.94609883
530,20.14822802
531,16.99012663
532,15.81772389
533,12.76048988
534,11.56121828
535,9.121999513
536,9.795225656
537,7.326077287
538,4.473139296
539,3.183013194
540,0.1501038461
541,0.5265136525
542,-0.7135182019
543,-4.94008266
544,-5.525026859
545,-8.227780783
546,-8.511287457
547,-10.21185745
548,-12.15151166
549,-13.28964228
550,-16.75826792
551,-17.53912925
552,-19.98889983
553,-20.38322346
554,-22.59481825
555,-23.65595869
556,-24.64113925
557,-29.11031927
558,-28.32125026
559,-29.87756527
560,-31.74560449
561,-34.21350876
562,-36.1750046
563,-36.27947112
564,-39.89760117
565,-40.38923338
566,-42.69567308
567,-44.49587005
568,-46.82099612
569,-48.0347528
570,-49.88236579
571,-49.12516889
572,-50.6598808
573,-53.55998929
574,-53.79030269
575,-54.68083936
576,-56.5366841
577,-59.79859246
578,-61.56214294
579,-61.13216643
580,-63.19890729
581,-62.6121255
582,-65.14444804
583,-67.34217496
584,-66.65966284
585,-67.99709642
586,-71.10080842
587,-73.12895911
588,-73.22645538
589,-72.87662528
590,-76.00054322
591,-75.25183735
592,-77.20815268
593,-77.28686187
594,-80.83552019
595,-81.35519891
596,-81.89185017
597,-81.85283558
598,-84.79752143
599,-82.79060479
600,-85.08934298
601,-85.28924246
602,-85.53471579
603,-86.28164993
604,-88.66717464
605,-89.15874228
606,-88.69818101
607,-90.59629012
608,-90.99474137
609,-92.27366056
610,-93.18805164
611,-93.74778156
612,-93.17168811
613,-92.93656036
614,-96.01375159
615,-93.75807673
616,-94.22884019
617,-96.68096789
618,-97.09390256
619,-96.68646532
620,-98.23617234
621,-98.29560892
622,-98.63888349
623,-96.45144525
624,-97.39682513
625,-98.69382984
626,-98.98264809
627,-96.95525258
628,-99.75793604
629,-99.62445156
630,-97.86029107
631,-97.15817609
632,4.557262241
633,6.041782325
634,5.826015216
635,9.551390955
636,9.020543863
637,12.85316432
638,15.06144316
639,15.82021893
640,17.87011604
641,19.89420377
642,21.95913834
643,22.55174681
644,24.10891878
645,26.77910317
646,26.18553113
647,28.30232579
648,30.20480877
649,33.13754838
650,34.77816777
651,36.9791697
652,37.34690691
653,38.91078044
654,39.80653854
655,41.07938565
656,43.09552407
657,45.53952764
658,47.84999082
659,49.46885964
660,48.75583349
661,50.94598936
662,52.63217357
663,55.32730986
664,56.59745076
665,58.87124119
666,59.86532666
667,60.34187288
668,62.42782534
669,63.1323617
670,65.16534574
671,66.53139404
672,67.00683836
673,68.71025957
674,70.7999204
675,70.22714816
676,71.36324511
677,72.26961111
678,76.02716105
679,75.72301994
680,78.24059191
681,78.74649676
682,79.8709961
683,78.93922968
684,81.66097913
685,81.01725493
686,83.3622401
687,85.11849425
688,83.94953556
689,85.38375211
690,86.55059848
691,87.09206723
692,88.51071017
693,90.67569741
694,89.96299357
695,91.01540835
696,92.1894803
697,92.17980864
698,94.64746283
699,95.67928484
700,94.18631732
701,95.35856818
702,97.4994982
703,96.55191508
704,97.22424307
705,97.41798601
706,99.21906128
707,99.60131643
708,99.98955294
709,99.22421649
710,99.9916284
711,98.68432652
712,98.78477295
713,100.8530559
714,99.8254851
715,101.8698206
716,100.8431609
717,101.1842775
718,102.4101076
719,100.4884519
720,101.8585545
721,101.42444
722,100.3868357
723,100.9697984
724,99.98261007
725,100.2572357
726,101.0431595
727,101.6401034
728,99.8334693
729,100.4796245
730,101.6558085
731,100.6098498
732,98.94563258
733,100.4849279
734,98.01544999
735,98.68021722
736,98.57031101
737,98.80073954
738,96.06716994
739,95.84102138
740,96.80876916
741,95.07993748
742,94.09602744
743,94.42004339
744,92.72816539
745,91.47726168
746,93.47584061
747,92.27470853
748,91.37013819
749,91.22185191
750,88.68198007
751,89.59188096
752,86.41687685
753,86.41782049
754,84.04531137
755,83.88009413
756,84.72766099
757,81.67036356
758,80.59454709
759,81.60084267
760,80.00084253
761,77.04409461
762,76.29813576
763,74.59161468
764,75.45198697
765,74.11321336
766,73.07443104
767,71.98315002
768,68.62838422
769,68.45980418
770,67.09025357
771,64.70696295
772,65.30337888
773,61.91698577
774,63.11307419
775,60.9264736
776,59.81096485
777,56.13781542
778,56.02091378
779,55.80614696
780,52.19182951
781,51.69878026
782,50.00667404
783,46.95784318
784,46.12652602
785,45.91838702
786,43.53997859
787,41.67213656
788,41.8296933
789,38.88679288
790,38.76972326
791,35.65466723
792,34.87123708
793,33.86159833
794,30.76439908
795,28.44364206
796,27.27612652
797,27.18785353
798,23.79487147
799,22.98440795
800,21.23395285
801,18.2470093
802,15.76566391
803,13.98057454
804,12.32264006
805,11.62997298
806,10.89591314
807,9.628467641
808,5.317688235
809,5.763610007
810,2.84002963
811,1.172750066
812,-0.580926215
813,-1.402039131
814,-4.37928606
815,-4.604148977
816,-7.917577988
817,-10.31687622
818,-11.97665254
819,-11.32759927
820,-13.41069018
821,-15.96981857
822,-18.52910728
823,-18.41783129
824,-19.96645076
825,-22.44026739
826,-25.13769454
827,-26.71893609
828,-26.46395634
829,-29.30548385
830,-30.5849209
831,-32.1204461
832,-33.76969838
833,-36.25070396
834,-38.79609282
835,-40.0285803
836,-40.11606522
837,-43.78839344
838,-44.16743101
839,-44.80693581
840,-46.06154126
841,-47.20886551
842,-50.48499125
843,-50.72535116
844,-53.73954167
845,-55.75655359
846,-56.22580222
847,-57.53086246
848,-58.99833019
849,-60.55455193
850,-62.00626632
851,-61.48612034
852,-65.33622372
853,-63.98460704
854,-65.82274922
855,-66.60832803
856,-69.24429681
857,-71.07056361
858,-71.51541878
859,-73.88570954
860,-74.6830564
861,-73.9103388
862,-75.57877716
863,-78.44870965
864,-78.94006418
865,-80.35481855
866,-81.04096023
867,-82.0295741
868,-83.04224312
869,-81.94164119
870,-84.63876478
871,-86.55665346
872,-85.22961247
873,-87.55765269
874,-87.92649325
875,-88.39871967
876,-87.73645159
877,-89.42588849
878,-89.27409223
879,-91.59977882
880,-91.27140363
881,-93.79125871
882,-93.93368981
883,-93.4263103
884,-93.13978522
885,-96.11368069
886,-94.48352426
887,-94.68655661
888,-96.90937838
889,-96.66822743
890,-95.99438471
891,-96.57543461
892,-95.8852374
893,-97.19892676
894,-97.20607138
895,-98.24883369
896,-98.42955114
897,-98.67616941
898,-99.850013
899,-97.93751105
900,-97.33936117
901,-98.26725224
902,-97.00906338
903,-97.17349162
904,-99.07794031
905,-98.34540594
906,-98.06663156
907,-97.62082367
908,-96.64489824
909,-98.73472398
910,-96.36468269
911,-96.077737
912,-95.26558528
913,-95.41673191
914,-97.16377994
915,-95.44869648
916,-94.88212523
917,-95.60890555
918,-93.87822008
919,-94.8725388
920,-92.63641545
921,-92.46626805
922,-91.84544925
923,-89.73682503
924,-89.14969004
925,-89.65426425
926,-88.0813272
927,-89.0087386
928,-88.42375047
929,-86.69443353
930,-84.57144172
931,-85.16930121
932,-85.61572465
933,-84.29397043
934,-81.65355762
935,-82.05037724
936,-81.77122548
937,-80.83608448
938,-76.95741841
939,-77.04288035
940,-75.84003484
941,-75.83014016
942,-75.18549952
943,-71.46979291
944,-70.94394957
945,-69.39887794
946,-69.74194727
947,-68.39905308
948,-66.91818242
949,-65.81458902
950,-62.84681916
951,-63.80906089
952,-61.60571844
953,-60.68693476
954,-59.30887433
955,-55.81349876
956,-57.24828709
957,-53.6521751
958,-53.57254556
959,-51.60235815
960,-49.58811565
961,-47.31688648
962,-48.00335774
963,-44.86250921
964,-43.97138893
965,-41.76882462
966,-41.63093985
967,-39.70384579
968,-36.82734879
969,-35.18340437
970,-33.729911
971,-32.53598243
972,-30.38622208
973,-27.92634115
974,-26.68630308
975,-24.91567708
976,-24.3946768
977,-24.0813179
978,-21.57081633
979,-19.11659724
980,-18.88926171
981,-15.51611221
982,-14.72008635
983,-12.06074287
984,-9.796293554
985,-9.441438902
986,-6.413274261
987,-6.294785845
988,-4.240913158
989,-2.913832484
990,0.5763259835
991,1.105221633
992,3.031458822
993,4.11278403
994,8.176335356
995,8.460868337
996,9.791281036
997,12.77262881
998,14.07378282
999,15.49754145
1000,18.35566815
1001,17.4306527
1002,19.34270147
1003,23.00817965
1004,23.11153447
1005,24.98008616
1006,26.02910045
1007,28.92788608
1008,29.98334084
1009,33.51451495
1010,34.85795635
1011,34.59122137
1012,38.74592903
1013,38.15948727
1014,39.0969809
1015,41.8062993
1016,44.12491542
1017,44.75783496
1018,47.57579206
1019,49.08586541
1020,49.2628598
1021,50.35582075
1022,53.91673112
1023,53.92534054
1024,57.35891867
1025,56.03390434
1026,59.184936
1027,61.41136787
1028,62.11293128
1029,61.56634791
1030,64.41039935
1031,66.68170651
1032,66.02188223
1033,69.67806331
1034,70.77360437
1035,69.83836901
1036,72.58742481
1037,73.29503144
1038,75.67895206
1039,75.84070424
1040,76.09764168
1041,79.15630518
1042,78.46655812
1043,79.67368419
1044,82.84446242
1045,81.47103585
1046,84.13311629
1047,85.69895443
1048,86.43014849
1049,85.96314379
1050,86.14639165
1051,88.55226603
1052,89.2020002
1053,89.6491834
1054,89.2455243
1055,92.25070979
1056,90.83393003
1057,92.04163143
1058,94.02069303
1059,94.31672784
1060,95.64679174
1061,95.16025884
1062,96.0608019
1063,97.71318404
1064,97.42634423
1065,98.76842502
1066,97.54672475
1067,98.21482856
1068,98.25847336
1069,100.6290637
1070,98.35025567
1071,99.51629579
1072,101.2557858
1073,99.2968081
1074,101.9752838
1075,100.895331
1076,99.99793308
1077,102.0281361
1078,102.047825
1079,102.6122458
1080,100.0500126
1081,102.8005899
1082,101.5254145
1083,101.4326553
1084,102.05914
1085,101.1850625
1086,102.3539763
1087,99.71035721
1088,99.65877403
1089,100.9118143
1090,98.9516582
1091,101.3607664
1092,99.73362113
1093,98.41132094
1094,99.64423307
1095,99.7926224
1096,98.51493764
1097,97.39522661
1098,98.01553933
1099,95.44674538
1100,96.48678949
1101,96.67061147
1102,96.06904642
1103,94.01541525
1104,92.18832287
1105,91.85245925
1106,92.1230013
1107,91.68451041
1108,90.6953399
1109,89.45464133
1110,87.48172807
1111,88.8528402
1112,85.85646681
1113,85.99891316
1114,85.13951989
1115,83.73916596
1116,83.24494407
1117,83.28434948
1118,81.0811799
1119,79.08720561
1120,79.26655973
1121,76.80632354
1122,76.14463598
1123,76.82247507
1124,73.93749
1125,74.50456549
1126,70.90616866
1127,71.00212139
1128,70.51280317
1129,67.55401541
1130,66.63766318
1131,64.72996065
1132,63.40712491
1133,62.79011539
1134,63.06790862
1135,59.88373462
1136,59.70345573
1137,56.58186524
1138,56.45633921
1139,54.52015778
1140,53.99437329
1141,52.53139651
1142,51.35772675
1143,49.68563028
1144,46.34184431
1145,45.28799797
1146,43.42020148
1147,41.06654652
1148,40.77761372
1149,39.01745685
1150,36.6165967
1151,35.46293367
1152,32.99562996
1153,32.66425948
1154,30.46047812
1155,29.46271099
1156,26.71120838
1157,25.08462334
1158,25.00333748
1159,22.93116258
1160,21.57862668
1161,18.41251491
1162,17.74829629
1163,15.01127405
1164,12.56958797
1165,12.64873436
1166,10.04828304
1167,7.255385333
1168,7.319480369
1169,4.434830188
1170,3.083015268
1171,2.277169082
1172,0.1466029271
1173,-1.71096388
1174,-4.870766952
1175,-4.074752812
1176,-5.758478752
1177,-8.759399479
1178,-9.447499841
1179,-13.56418706
1180,-15.09054312
1181,-15.1981888
1182,-18.24349605
1183,-18.67856764
1184,-21.27189186
1185,-21.43630443
1186,-24.77284553
1187,-26.10324985
1188,-27.94345849
1189,-29.6081924
1190,-30.19610139
1191,-32.67086641
1192,-34.50221528
1193,-34.76730876
1194,-37.60046678
1195,-39.06666002
1196,-39.32150476
1197,-41.08045878
1198,-43.42758186
1199,-45.89590085
1200,-47.93642962
1201,-49.91273979
1202,-51.36864223
1203,-51.20094319
1204,-53.52819394
1205,-54.62745783
1206,-56.67646487
1207,-58.15317089
1208,-58.49929467
1209,-60.51620882
1210,-60.38024745
1211,-63.4390261
1212,-62.79572189
1213,-66.52138641
1214,-65.3311527
1215,-68.80951174
1216,-69.9028329
1217,-71.31669666
1218,-72.35548066
1219,-73.36900361
1220,-75.1183236
1221,-73.87083301
1222,-77.04707488
1223,-77.44190183
1224,-77.78872895
1225,-78.83528267
1226,-79.89174101
1227,-81.27459885
1228,-81.68514093
1229,-82.96930766
1230,-83.48384075
1231,-85.40543545
1232,-85.58934113
1233,-87.34346331
1234,-86.56885471
1235,-89.26676137
1236,-90.46330322
1237,-90.24758764
1238,-90.52559191
1239,-91.47091267
1240,-91.28302737
1241,-91.57001498
1242,-91.687857
1243,-92.27586402
1244,-93.73192755
1245,-95.91183852
1246,-95.59776703
1247,-94.92650849
1248,-95.46950021
1249,-94.85336593
1250,-95.88154534
1251,-97.92396348
1252,-97.6177597
1253,-98.599482
1254,-97.94350045
1255,-97.78799584
1256,-99.44093604
1257,-98.6964552
1258,-99.08503219
1259,-97.54660645
1260,-97.93318568
1261,-99.63479204
1262,-97.97288969
1263,-97.01200752
1264,-97.17457572
1265,-97.93106606
1266,-97.60453876
1267,-98.883673
1268,-98.86735937
1269,-96.71621718
1270,-98.04837899
1271,-95.85683742
1272,-97.42256805
1273,-96.94863858
1274,-95.27268399
1275,-96.20876344
1276,-96.33120366
1277,-94.11743736
1278,-95.31952085
1279,-93.78529391
1280,-94.32482212
1281,-92.70457729
1282,-91.92853789
1283,-89.91665021
1284,-91.00705794
1285,-89.73418028
1286,-89.47039199
1287,-88.55413317
1288,-87.22064634
1289,-86.45308564
1290,-86.71072175
1291,-83.83832846
1292,-84.40375785
1293,-82.55883516
1294,-82.4929523
1295,-81.38461461
1296,-81.58496915
1297,-80.41957251
1298,-78.90185335
1299,-77.80321507
1300,-76.46794884
1301,-74.41491713
1302,-73.84965349
1303,-72.35873428
1304,-71.2649492
1305,-71.86769068
1306,-69.31264728
1307,-69.21805903
1308,-67.55244802
1309,-66.03344787
1310,-62.63861336
1311,-62.43570629
1312,-61.44279603
1313,-59.26807993
1314,-58.44399656
1315,-58.68213949
1316,-54.79248218
1317,-55.80333291
1318,-52.6246882
1319,-50.73327466
1320,-50.00063539
1321,-47.52590116
1322,-45.91537181
1323,-44.90834018
1324,-45.19064239
1325,-42.77782675
1326,-40.24978607
1327,-38.9684506
1328,-37.21326578
1329,-35.47425825
1330,-34.89788673
1331,-32.4697007
1332,-31.9614065
1333,-28.76918846
1334,-27.98577475
1335,-27.20227992
1336,-24.94466234
1337,-22.09061578
1338,-20.54038945
1339,-18.141054
1340,-17.9360906
1341,-16.61364049
1342,-14.64334806
1343,-11.28325541
1344,-10.77409344
1345,-10.14332913
1346,-6.626946963
1347,-4.855369119
1348,-4.079099214
1349,-0.9387510889
1350,-0.5002216346
1351,2.366003501
1352,3.272276522
1353,5.77458978
1354,8.045903644
1355,7.455575605
1356,10.58365006
1357,10.98463401
1358,12.63796443
1359,15.7241768
1360,16.45842054
1361,17.61734142
1362,21.83375583
1363,21.61655911
1364,23.07324675
1365,25.47377816
1366,26.08065497
1367,29.76414242
1368,31.36823546
1369,32.20670976
1370,33.96240514
1371,34.79069052
1372,38.8023697
1373,39.66662615
1374,41.98591652
1375,41.26871474
1376,43.80219788
1377,44.79380215
1378,45.56100636
1379,47.86795404
1380,49.1050457
1381,51.42342801
1382,52.32111904
1383,54.22458833
1384,54.86500609
1385,57.90502371
1386,59.52193296
1387,59.39089372
1388,62.65070405
1389,64.31528098
1390,62.93737844
1391,66.8998554
1392,68.31832599
1393,69.26515534
1394,69.44895893
1395,71.49780651
1396,73.19164478
1397,74.8674621
1398,74.3943832
1399,74.46046841
1400,76.02276398
1401,79.34040878
1402,79.70538628
1403,79.11381946
1404,80.8430481
1405,80.9754259
1406,82.92223072
1407,85.73102741
1408,86.04319567
1409,85.79433867
1410,88.32374954
1411,89.37023247
1412,89.84465672
1413,91.16135195
1414,90.65690894
1415,90.45527525
1416,92.7415867
1417,92.89949861
1418,94.28873487
1419,92.98251574
1420,93.50327178
1421,94.08913441
1422,97.03606625
1423,97.1616976
1424,95.93145235
1425,98.69773911
1426,98.45496408
1427,99.06736293
1428,99.76521462
1429,98.50571537
1430,100.9917234
1431,98.48963172
1432,99.91811154
1433,101.4520556
1434,101.1113015
1435,99.62921029
1436,101.6179164
1437,102.5266771
1438,102.3265941
1439,100.5813022
1440,101.9989058
1441,101.6829063
1442,102.9533574
1443,100.6966462
1444,101.2698106
1445,100.93402
1446,100.4106919
1447,101.8952133
1448,101.7475634
1449,100.8319353
1450,98.97587152
1451,99.83914747
1452,99.80771828
1453,98.9040661
1454,98.08491616
1455,99.5463418
1456,97.15690515
1457,98.34604544
1458,97.54667779
1459,97.54459358
1460,96.78092751
1461,95.33344305
1462,95.40832257
1463,94.02858928
1464,94.46410215
1465,92.72478527
1466,92.67396163
1467,92.68802409
1468,90.91118401
1469,89.68111726
1470,88.63579988
1471,87.9249644
1472,87.23270803
1473,86.82402415
1474,86.22853884
1475,85.07211856
1476,82.87782573
1477,82.99445923
1478,81.56288678
1479,80.96098367
1480,78.01570545
1481,77.45890706
1482,77.63289779
1483,75.76989264
1484,75.87730452
1485,74.53733803
1486,72.1244775
1487,70.50678976
1488,69.67381922
1489,67.0990916
1490,68.27876004
1491,65.75011751
1492,64.40635572
1493,62.18825543
1494,61.88418001
1495,61.38350249
1496,59.17335991
1497,58.19928525
1498,56.6849283
1499,54.0159833
1500,53.46808644
1501,52.52654368
1502,49.80109925
1503,47.57932736
1504,46.43787743
1505,45.45811194
1506,43.15720271
1507,43.2375381
1508,40.15026636
1509,39.27466105
1510,38.41083367
1511,34.23096056
1512,32.57791258
1513,31.04834788
1514,30.46215631
1515,28.6084453
1516,28.27511481
1517,26.51463024
1518,24.30748034
1519,21.97583734
1520,21.57314554
1521,19.61157663
1522,16.776571
1523,15.40761172
1524,12.56988733
1525,11.84667445
1526,11.56345393
1527,8.53077942
1528,7.231248229
1529,4.560321095
1530,1.924342588
1531,0.4962456992
1532,-1.442427953
1533,-1.591888273
1534,-2.526068278
1535,-5.897395209
1536,-6.002246258
1537,-9.019283026
1538,-10.33732981
1539,-11.26908947
1540,-12.8829881
1541,-14.57942561
1542,-17.23725857
1543,-19.01373229
1544,-22.05873864
1545,-21.82120435
1546,-24.47065215
1547,-24.9768571
1548,-26.58822731
1549,-28.31637664
1550,-30.86348728
1551,-32.54390159
1552,-35.01170261
1553,-36.33655182
1554,-38.48701946
1555,-38.47379233
1556,-40.36292234
1557,-43.81717039
1558,-44.17608683
1559,-45.19428466
1560,-45.7678452
1561,-49.89085863
1562,-50.44205358
1563,-51.82044017
1564,-54.21586914
1565,-55.26960729
1566,-55.51320924
1567,-57.85782014
1568,-59.10997025
1569,-59.40854345
1570,-61.33407659
1571,-62.40841621
1572,-64.62885229
1573,-66.69363412
1574,-67.35996018
1575,-67.71003868
1576,-68.76722557
1577,-70.86148289
1578,-72.89420221
1579,-73.00882464
1580,-75.15959253
1581,-76.48144797
1582,-75.53299564
1583,-78.08972489
1584,-79.43842313
1585,-78.60863339
1586,-81.00623546
1587,-82.27127527
1588,-81.92936346
1589,-84.650873
1590,-83.33277401
1591,-84.30865024
1592,-84.94412693
1593,-87.08364936
1594,-88.74457764
1595,-89.44294557
1596,-87.79597624
1597,-89.89395835
1598,-89.27666525
1599,-90.78482918
1600,-91.93321209
1601,-93.53745133
1602,-93.26834253
1603,-93.32714652
1604,-93.2628416
1605,-93.75275792
1606,-95.27612803
1607,-94.14376164
1608,-94.81960904
1609,-96.79271015
1610,-96.05990023
1611,-97.7508597
1612,-98.42482741
1613,-98.50426302
1614,-97.37117762
1615,-98.18213429
1616,-98.8749581
1617,-97.21722312
1618,-98.24607704
1619,-99.06072494
1620,-98.50164433
1621,-99.58646988
1622,-98.38537788
1623,-99.83846861
1624,-98.65291135
1625,-97.37317267
1626,-98.99025232
1627,-99.41697257
1628,-96.75950295
1629,-96.64757924
1630,-97.11460654
1631,-95.5652127
1632,-95.17083494
1633,-97.04926887
1634,-96.19360716
1635,-95.90480464
1636,-94.8718009
1637,-95.55033688
1638,-94.91285451
1639,-93.74679313
1640,-93.52467467
1641,-93.63279433
1642,-90.99379305
1643,-90.73274786
1644,-92.01961276
1645,-90.91354017
1646,-87.78833502
1647,-88.05815188
1648,-87.86276587
1649,-86.02858137
1650,-84.79930458
1651,-86.03751113
1652,-84.28276833
1653,-84.02274771
1654,-83.3731935
1655,-80.90831217
1656,-81.89438086
1657,-79.58196813
1658,-77.84785228
1659,-77.06489808
1660,-76.12232092
1661,-76.19224627
1662,-73.38012198
1663,-71.36352849
1664,-72.35882183
1665,-70.71279237
1666,-68.52704803
1667,-68.74633697
1668,-67.00522035
1669,-66.91034017
1670,-65.40919616
1671,-62.19459041
1672,-60.13088059
1673,-61.21749665
1674,-57.94572701
1675,-55.94060474
1676,-56.47201822
1677,-55.35004354
1678,-52.21826664
1679,-52.94286375
1680,-50.88849957
1681,-49.44643021
1682,-45.49424371
1683,-44.86033365
1684,-44.19844573
1685,-43.07726641
1686,-41.82024729
1687,-39.14966296
1688,-36.51847998
1689,-34.81344549
1690,-33.38209114
1691,-33.45290036
1692,-30.85171644
1693,-29.03859803
1694,-28.02065458
1695,-25.14356011
1696,-25.68609329
1697,-23.34489604
1698,-21.39120136
1699,-20.75530897
1700,-18.7924135
1701,-17.16079925
1702,-14.25876159
1703,-12.03024519
1704,-11.24446262
1705,-9.225153705
1706,-8.33329534
1707,-6.492683769
1708,-4.922832377
1709,-2.144124958
1710,1.134262686
1711,0.2204407664
1712,4.590414884
1713,6.454232631
1714,8.050343082
1715,7.559999796
1716,9.767346466
1717,11.71839827
1718,14.89685031
1719,15.44567081
1720,17.12312411
1721,19.28460663
1722,20.75829054
1723,21.68331877
1724,24.15717251
1725,24.61360595
1726,26.40478736
1727,29.32436461
1728,31.69488585
1729,32.7623701
1730,35.52922037
1731,34.76630559
1732,37.40144647
1733,37.84060981
1734,39.98183856
1735,41.13085397
1736,44.15632358
1737,45.1861112
1738,45.68456956
1739,48.03721746
1740,50.48776174
1741,52.42085609
1742,51.83985965
1743,53.31284756
1744,57.37105978
1745,56.02156044
1746,58.07525101
1747,61.45253863
1748,62.39268537
1749,62.85369677
1750,63.2850151
1751,65.74906319
1752,67.5742604
1753,67.27724453
1754,71.14403235
1755,69.9745854
1756,73.03619634
1757,72.93534447
1758,75.57672325
1759,75.29189895
1760,78.16024958
1761,77.18371099
1762,77.86520372
1763,79.71808857
1764,81.98350936
1765,83.30908666
1766,82.57595521
1767,82.95052264
1768,85.22332448
1769,85.21920326
1770,86.0731665
1771,86.69613509
1772,87.59341445
1773,91.1646431
1774,90.06952252
1775,90.8197631
1776,90.92590577
1777,92.2746737
1778,92.44158089
1779,93.64585877
1780,95.06227462
1781,95.25455925
1782,95.40699685
1783,95.61020004
1784,96.51816993
1785,98.50103225
1786,97.12472116
1787,97.16427968
1788,97.56283287
1789,100.1455371
1790,99.83691595
1791,101.384856
1792,99.58332131
1793,99.1315388
1794,99.82269849
1795,101.134704
1796,100.4269904
1797,102.3726189
1798,100.6789412
1799,102.8579099
1800,102.8326711
1801,100.3222596
1802,102.7822232
1803,102.1741076
1804,100.0717326
1805,101.9141498
1806,101.2186459
1807,102.3608596
1808,100.5247063
1809,99.80352164
1810,98.99459208
1811,98.58193976
1812,101.1173899
1813,99.15546092
1814,98.96162604
1815,98.33158026
1816,99.33234443
1817,97.88531174
1818,96.60259887
1819,97.02079977
1820,96.89743788
1821,95.25922499
1822,94.63363969
1823,94.93173459
1824,93.2325822
1825,94.10958257
1826,93.27808282
1827,91.90944927
1828,89.30905188
1829,90.61045631
1830,90.06349575
1831,87.14800765
1832,86.74276473
1833,85.59244162
1834,86.08184174
1835,83.25864117
1836,83.70364904
1837,82.7541361
1838,82.8354272
1839,81.48265349
1840,78.57771112
1841,77.84921183
1842,77.06765199
1843,76.43025895
1844,73.26666177
1845,71.99346057
1846,72.34769689
1847,72.08885336
1848,68.55195085
1849,68.64537031
1850,65.64215106
1851,65.05027271
1852,64.08580238
1853,62.56672295
1854,62.66419866
1855,60.95639986
1856,58.30133456
1857,56.16637949
1858,55.44235104
1859,53.05603253
1860,51.85709037
1861,51.07085239
1862,51.29582878
1863,49.50323306
1864,47.14829864
1865,45.54944195
1866,44.24256416
1867,43.60843207
1868,41.92792579
1869,39.54964436
1870,38.79841301
1871,34.67836648
1872,34.18507124
1873,31.57021839
1874,32.15253104
1875,28.34948361
1876,28.12650292
1877,24.41472823
1878,22.82398705
1879,22.43174995
1880,20.39911901
1881,20.02755806
1882,18.11855396
1883,14.23585776
1884,14.57686711
1885,12.1173257
1886,10.01223394
1887,9.156625704
1888,5.415141681
1889,4.119300495
1890,3.489442176
1891,2.928946984
1892,0.4489249745
1893,-0.7611384711
1894,-4.141108602
1895,-6.540059427
1896,-7.822072788
1897,-10.14778811
1898,-10.84091484
1899,-11.52798192
1900,-13.65727545
1901,-15.58150702
1902,-16.55205385
1903,-20.63361844
1904,-22.34961351
1905,-23.72087484
1906,-25.45252704
1907,-26.2649763
1908,-28.24367558
1909,-30.71437207
1910,-31.31556503
1911,-34.18839423
1912,-34.64891223
1913,-34.89364558
1914,-38.56801629
1915,-38.1423566
1916,-41.1634261
1917,-42.68449614
1918,-44.58532546
1919,-45.96976439
1920,-47.69438741
1921,-48.03554439
1922,-48.60923887
1923,-51.32887383
1924,-51.63787471
1925,-54.72410221
1926,-55.4292587
1927,-57.80580866
1928,-57.26394584
1929,-60.61459658
1930,-61.62999927
1931,-63.17049592
1932,-64.34200321
1933,-64.31696344
1934,-67.77398184
1935,-68.59307332
1936,-69.43702591
1937,-71.72074923
1938,-71.36303856
1939,-72.8692584
1940,-73.10899791
1941,-75.56522883
1942,-74.80137651
1943,-77.09086809
1944,-77.45586923
1945,-79.54666757
1946,-80.8694876
1947,-81.74161948
1948,-81.05464666
1949,-82.46092701
1950,-85.41047291
1951,-85.8985409
1952,-87.37571639
1953,-85.53293329
1954,-87.02898118
1955,-89.07576647
1956,-90.1722595
1957,-88.39409777
1958,-89.60784635
1959,-92.26018137
1960,-92.1796303
1961,-92.13459988
1962,-92.35863999
1963,-92.85733315
1964,-94.69882272
1965,-94.4795123
1966,-95.9397384
1967,-95.59121748
1968,-97.28366082
1969,-95.41606964
1970,-96.89913654
1971,-97.88299327
1972,-96.80310515
1973,-96.53395124
1974,-97.32912447
1975,-96.87137722
1976,-98.6080755
1977,-96.93126948
1978,-97.15607332
1979,-97.03141236
1980,-99.39644849
1981,-99.78602547
1982,-99.93096284
1983,-97.29850277
1984,-99.64039542
1985,-98.59611465
1986,-97.3349138
1987,-98.71104879
1988,-99.11698559
1989,-96.65053383
1990,-96.86887187
1991,-96.84771568
1992,-97.16598547
1993,-97.51026361
1994,-95.35772221
1995,-95.75431154
1996,-95.78804489
1997,-93.14936882
1998,-92.96649839
1999,-92.63044711
2000,-93.59196617
2001,-93.93518051
2002,-92.39997908
2003,-92.27759482
2004,-91.90151364
2005,-88.81099408
2006,-87.83685219
2007,-88.19786036
2008,-88.04022488
2009,-85.88553707
2010,-86.93575684
2011,-85.27672428
2012,-84.92694618
2013,-82.13053206
2014,-82.9428968
2015,-82.18320816
2016,-81.6353211
2017,-80.04099905
2018,-79.52955261
2019,-76.97736393
2020,-75.49721818
2021,-73.92251385
2022,-72.49270176
2023,-72.92768028
2024,-71.66309378
2025,-69.93545682
2026,-68.86308915
2027,-67.20994709
2028,-65.77154178
2029,-64.14835927
2030,-64.28247362
2031,-63.9843116
2032,-62.52579123
2033,-60.63077374
2034,-57.7354085
2035,-58.32870761
2036,-54.52666964
2037,-55.05066472
2038,-52.85079703
2039,-51.64453344
2040,-48.66955894
2041,-47.33213738
2042,-48.02459673
2043,-44.44439958
2044,-43.77712759
2045,-42.67639195
2046,-40.55742963
2047,-37.88196245
2048,-37.91013056
2049,-34.65211139
2050,-32.84948727
2051,-33.9903066
2052,-31.97532801
2053,-29.12106039
2054,-27.45000391
2055,-27.3580322
2056,-23.83257867
2057,-23.48049553
2058,-20.41970211
2059,-18.89114998
2060,-16.09242483
2061,-15.07605389
2062,-13.03199987
2063,-11.38408258
2064,-10.19099121
2065,-8.667110622
2066,-6.312399001
2067,-6.85451422
2068,-3.130779316
2069,-0.5111645403
2070,-1.295359901
2071,2.015471594
2072,2.516053966
2073,6.025368144
2074,6.835901809
2075,7.445583931
2076,11.1310869
2077,12.42550182
2078,12.3688771
2079,15.54426458
2080,17.86833755
2081,17.99140038
2082,20.98403102
2083,23.2733544
2084,25.11017116
2085,26.9581264
2086,28.51854145
2087,27.93476418
2088,30.0692885
2089,31.9182593
2090,33.19904122
2091,35.5544859
2092,37.80641876
2093,38.10215093
2094,40.1535127
2095,43.21408355
2096,43.28783022
2097,45.78026668
2098,46.2888514
2099,48.89835808
2100,51.05501574
2101,51.11949028
2102,52.99073266
2103,53.79018534
2104,54.62090053
2105,58.23444967
2106,57.56628162
2107,60.14958052
2108,61.8426648
2109,62.92785116
2110,63.90766617
2111,64.96384769
2112,67.25076266
2113,67.71048917
2114,68.50609639
2115,71.44922789
2116,72.63696327
2117,73.13202805
2118,73.69083414
2119,76.22176271
2120,78.12123167
2121,79.2378325
2122,77.80668271
2123,79.53614687
2124,82.42800888
2125,81.0950527
2126,81.97604316
2127,85.4161465
2128,84.20694306
2129,87.80285027
2130,87.1179914
2131,86.7687154
2132,87.93136618
2133,89.21708047
2134,91.01694841
2135,92.6862458
2136,92.19980193
2137,91.77892556
2138,92.44738126
2139,93.09744519
2140,95.15153444
2141,94.33990586
2142,94.66859182
2143,96.72713559
2144,96.18675753
2145,97.72237147
2146,98.00501531
2147,97.96882625
2148,100.2550685
2149,97.94501031
2150,98.72257044
2151,100.7612143
2152,99.64306081
2153,99.57708698
2154,100.0004675
2155,99.89082602
2156,101.4525147
2157,100.5630555
2158,102.4805002
2159,101.3178119
2160,102.8151732
2161,100.0808703
2162,102.6522133
2163,100.1404659
2164,102.3383384
2165,100.5627498
2166,101.2024543
2167,99.67634402
2168,100.3175091
2169,101.9163238
2170,100.4216883
2171,99.8439115
2172,100.8880299
2173,100.2370292
2174,97.81706687
2175,98.57845219
2176,98.51720699
2177,98.89929741
2178,96.23361484
2179,95.40952953
2180,95.06159392
2181,95.85450388
2182,95.03001081
2183,95.56459231
2184,94.03113996
2185,92.24783352
2186,91.19430954
2187,90.04437432
2188,91.71263642
2189,89.09414379
2190,87.717567
2191,88.04054006
2192,87.40938848
2193,85.72458678
2194,84.06969934
2195,85.83458484
2196,82.25228328
2197,83.03118204
2198,82.24202261
2199,78.92930226
2200,77.82941524
2201,77.19571137
2202,77.53478828
2203,75.62018522
2204,75.26717424
2205,74.59223617
2206,71.07564562
2207,69.51393385
2208,69.37519276
2209,67.8992186
2210,67.95633074
2211,66.6447963
2212,64.04079098
2213,62.14765636
2214,62.86999828
2215,59.826774
2216,60.22555086
2217,57.46582159
2218,56.22047899
2219,54.7107784
2220,53.67739266
2221,51.65912397
2222,49.85736458
2223,47.69062854
2224,46.82602011
2225,44.48529688
2226,42.86718695
2227,42.32033739
2228,39.2778405
2229,39.55053643
2230,38.2210777
2231,36.26743524
2232,33.86846164
2233,32.16140287
2234,31.54316024
2235,30.03313665
2236,28.36660654
2237,26.22022176
2238,24.82154342
2239,21.71996042
2240,20.65278087
2241,18.34840503
2242,17.53515458
2243,16.02096693
2244,12.51926973
2245,12.86253866
2246,11.41476533
2247,8.342082428
2248,7.155032721
2249,4.012265751
2250,1.89543091
2251,0.5500341423
2252,0.8898085739
2253,-1.983077839
2254,-4.749816641
2255,-5.736775294
2256,-8.12376822
2257,-8.090437623
2258,-11.57881859
2259,-13.1285703
2260,-13.91299201
2261,-14.98755807
2262,-16.31535717
2263,-20.41749402
2264,-20.70381519
2265,-21.97279652
2266,-24.50025342
2267,-26.24964644
2268,-28.40070159
2269,-29.774057
2270,-29.8006858
2271,-31.46182123
2272,-35.4933323
2273,-36.92398795
2274,-38.41855666
2275,-40.38533938
2276,-40.28264973
2277,-42.17815905
2278,-43.04361453
2279,-46.93207296
2280,-46.65173289
2281,-47.91874999
2282,-49.20817322
2283,-50.94669728
2284,-53.34625647
2285,-54.60835808
2286,-55.21765224
2287,-56.13440558
2288,-57.87479181
2289,-59.13684836
2290,-60.05479544
2291,-61.85476528
2292,-63.69096757
2293,-66.33874322
2294,-67.78530735
2295,-67.2100903
2296,-68.27751486
2297,-69.04946614
2298,-71.02877998
2299,-72.1506495
2300,-75.11647989
2301,-75.81582712
2302,-76.00116586
2303,-76.76922655
2304,-77.30039376
2305,-80.77945564
2306,-80.48368512
2307,-80.56399133
2308,-82.71594945
2309,-82.31145822
2310,-82.82793778
2311,-86.21133939
2312,-86.3147409
2313,-85.69239864
2314,-87.76812603
2315,-87.30930033
2316,-88.97487928
2317,-88.50376742
2318,-91.37867231
2319,-92.62731225
2320,-91.85280802
2321,-93.42542973
2322,-91.98915352
2323,-92.62960323
2324,-92.926397
2325,-95.81810932
2326,-94.24835425
2327,-95.42711867
2328,-94.63840262
2329,-97.81078773
2330,-95.81537319
2331,-96.85687607
2332,-97.16364105
2333,-98.609968
2334,-98.34810302
2335,-99.0878257
2336,-96.8437266
2337,-98.4010719
2338,-98.55803283
2339,-97.00874063
2340,-98.75998705
2341,-97.52181118
2342,-97.105209
2343,-97.66635532
2344,-98.24817603
2345,-98.55319262
2346,-98.01831976
2347,-98.1909162
2348,-98.39785808
2349,-97.59588801
2350,-96.14225494
2351,-97.97150424
2352,-95.22485241
2353,-96.27801927
2354,-95.83912184
2355,-94.32493473
2356,-95.25687796
2357,-94.9749811
2358,-93.7985842
2359,-93.53973392
2360,-91.73055033
2361,-92.31274197
2362,-91.34952171
2363,-91.97063863
2364,-91.46213912
2365,-91.27313625
2366,-88.10739169
2367,-89.80925988
2368,-88.7250023
2369,-88.12297923
2370,-87.14030693
2371,-85.26299658
2372,-84.14337193
2373,-83.9484088
2374,-82.09172718
2375,-82.13698164
2376,-80.69517302
2377,-78.79167589
2378,-77.8587931
2379,-78.23278663
2380,-76.40581628
2381,-76.25967856
2382,-73.4927165
2383,-73.55280923
2384,-72.21041184
2385,-69.00185214
2386,-67.9612719
2387,-67.030709
2388,-65.76361024
2389,-65.63960105
2390,-65.29331757
2391,-62.39595683
2392,-60.68428453
2393,-58.57027606
2394,-58.41140826
2395,-55.82450553
2396,-54.83652384
2397,-55.56577262
2398,-51.65094291
2399,-52.22778536
2400,-50.76891915
2401,-48.23914518
2402,-46.56292437
2403,-44.38867456
2404,-44.3608776
2405,-42.26220327
2406,-41.10229202
2407,-39.66578895
2408,-39.0577107
2409,-34.68287558
2410,-34.71491841
2411,-32.65638057
2412,-30.81549874
2413,-28.81319833
2414,-28.15374707
2415,-25.03333093
2416,-24.02224305
2417,-22.93710467
2418,-21.07817839
2419,-20.75316961
2420,-18.21357406
2421,-16.52176219
2422,-15.62069603
2423,-11.96974345
2424,-11.35929142
2425,-8.70702565
2426,-6.140857096
2427,-6.282108664
2428,-4.86127095
2429,-0.5946437515
2430,-0.3291533623
2431,2.604587892
2432,3.826219968
2433,3.737823844
2434,7.328116652
2435,8.120026624
2436,10.86599867